-- MySQL dump 10.13  Distrib 5.7.33, for Win64 (x86_64)
--
-- Host: localhost    Database: cekn3734_gurupenggerak
-- ------------------------------------------------------
-- Server version	5.7.33

/*!40101 SET @OLD_CHARACTER_SET_CLIENT=@@CHARACTER_SET_CLIENT */;
/*!40101 SET @OLD_CHARACTER_SET_RESULTS=@@CHARACTER_SET_RESULTS */;
/*!40101 SET @OLD_COLLATION_CONNECTION=@@COLLATION_CONNECTION */;
/*!40101 SET NAMES utf8 */;
/*!40103 SET @OLD_TIME_ZONE=@@TIME_ZONE */;
/*!40103 SET TIME_ZONE='+00:00' */;
/*!40014 SET @OLD_UNIQUE_CHECKS=@@UNIQUE_CHECKS, UNIQUE_CHECKS=0 */;
/*!40014 SET @OLD_FOREIGN_KEY_CHECKS=@@FOREIGN_KEY_CHECKS, FOREIGN_KEY_CHECKS=0 */;
/*!40101 SET @OLD_SQL_MODE=@@SQL_MODE, SQL_MODE='NO_AUTO_VALUE_ON_ZERO' */;
/*!40111 SET @OLD_SQL_NOTES=@@SQL_NOTES, SQL_NOTES=0 */;

--
-- Table structure for table `activity`
--

DROP TABLE IF EXISTS `activity`;
/*!40101 SET @saved_cs_client     = @@character_set_client */;
/*!40101 SET character_set_client = utf8 */;
CREATE TABLE `activity` (
  `id` int(11) NOT NULL AUTO_INCREMENT,
  `title` varchar(128) DEFAULT NULL,
  `alias` varchar(56) DEFAULT NULL,
  `start_date` date DEFAULT NULL,
  `end_date` date DEFAULT NULL,
  PRIMARY KEY (`id`)
) ENGINE=InnoDB AUTO_INCREMENT=10 DEFAULT CHARSET=utf8mb4;
/*!40101 SET character_set_client = @saved_cs_client */;

--
-- Dumping data for table `activity`
--

LOCK TABLES `activity` WRITE;
/*!40000 ALTER TABLE `activity` DISABLE KEYS */;
INSERT INTO `activity` VALUES (1,'Kegiatan Penilaian Esai CGP Angkatan 4','ESAI CGP 4','2021-06-03','2021-06-12'),(2,'Kinerja Asesor Penilaian Esai CGP Angkatan 3','ESAI CGP 3','2021-03-27','2021-04-05'),(9,'Wawancara dan Simulasi Mengajar Calon Guru Penggerak Angkatan 3','SIMUL CGP 3','2021-05-24','2021-05-12');
/*!40000 ALTER TABLE `activity` ENABLE KEYS */;
UNLOCK TABLES;

--
-- Table structure for table `invoice`
--

DROP TABLE IF EXISTS `invoice`;
/*!40101 SET @saved_cs_client     = @@character_set_client */;
/*!40101 SET character_set_client = utf8 */;
CREATE TABLE `invoice` (
  `id` int(11) NOT NULL AUTO_INCREMENT,
  `reciever_id` int(11) DEFAULT NULL,
  `sender_id` int(11) DEFAULT NULL,
  `activity_id` int(11) DEFAULT NULL,
  `image` varchar(100) DEFAULT NULL,
  `date` date DEFAULT NULL,
  PRIMARY KEY (`id`)
) ENGINE=InnoDB AUTO_INCREMENT=7 DEFAULT CHARSET=utf8mb4;
/*!40101 SET character_set_client = @saved_cs_client */;

--
-- Dumping data for table `invoice`
--

LOCK TABLES `invoice` WRITE;
/*!40000 ALTER TABLE `invoice` DISABLE KEYS */;
/*!40000 ALTER TABLE `invoice` ENABLE KEYS */;
UNLOCK TABLES;

--
-- Table structure for table `member`
--

DROP TABLE IF EXISTS `member`;
/*!40101 SET @saved_cs_client     = @@character_set_client */;
/*!40101 SET character_set_client = utf8 */;
CREATE TABLE `member` (
  `id` int(11) NOT NULL AUTO_INCREMENT,
  `role_id` int(11) DEFAULT NULL,
  `name` varchar(100) DEFAULT NULL,
  `bank` varchar(50) DEFAULT NULL,
  `account` varchar(50) DEFAULT NULL,
  `def_pass` varchar(100) DEFAULT NULL,
  `password` varchar(255) DEFAULT NULL,
  `avatar` varchar(100) DEFAULT NULL,
  `is_change` tinyint(1) DEFAULT NULL,
  `last_active` date DEFAULT NULL,
  PRIMARY KEY (`id`),
  UNIQUE KEY `account` (`account`)
) ENGINE=InnoDB AUTO_INCREMENT=687 DEFAULT CHARSET=utf8mb4;
/*!40101 SET character_set_client = @saved_cs_client */;

--
-- Dumping data for table `member`
--

LOCK TABLES `member` WRITE;
/*!40000 ALTER TABLE `member` DISABLE KEYS */;
INSERT INTO `member` VALUES (1,3,'Afia Fransina Joris','BANK ANTARDAERAH','0103913118','#0103913118','NULL','default.png',0,NULL),(2,3,'Erlis Suryani','BANK JABAR','0018371066100','#0018371066100','NULL','default.png',0,NULL),(3,3,'M. Juriyanto','BANK JABAR','0019033538100','#0019033538100','NULL','default.png',0,NULL),(4,3,'Asep Sholahuddin S.Pd.','BANK JABAR','0783200006711','#0783200006711','NULL','default.png',0,NULL),(5,3,'Iis Ismawati','BANK JABAR','0013289409100','#0013289409100','NULL','default.png',0,NULL),(6,3,'KHOTIMAH','BANK JABAR','0543100117806','#0543100117806','NULL','default.png',0,NULL),(7,3,'Nanang Heryanto','BANK JABAR','0081558256105','#0081558256105','NULL','default.png',0,NULL),(8,3,'Suci Intan Sari','BPD JABAR BANTEN','0015828609100','#0015828609100','NULL','default.png',0,NULL),(9,3,'Christina Wulandari','BPD JABAR BANTEN','0018495317100','#0018495317100','NULL','default.png',0,NULL),(10,3,'Rachmat Priyanto','BPD JABAR BANTEN','0019237133100','#0019237133100','NULL','default.png',0,NULL),(11,1,'Fulan bin Fulan','MASTER BANK','735194','#735194','$2y$10$JiQfZhqLUtlkQ1VNLO6GZOev29mSAtd9UA.63.EeHGzQOWDNwT6Pi','xBvP9AnK2OXMCYoN.jpg',1,'2021-08-05'),(13,3,'Asep Yogas Kustijaman','BPD JABAR BANTEN','0009280308100','#0009280308100','NULL','default.png',0,NULL),(14,3,'HERI PURNOMO','BPD JABAR BANTEN','0057861339100','#0057861339100','NULL','default.png',0,NULL),(15,3,'Lisa Fitriyah','BANK JATENG','3150027534','#3150027534','NULL','default.png',0,NULL),(16,3,'Upik Setyawan','BANK JATENG','3068039826','#3068039826','NULL','default.png',0,NULL),(17,3,'Amin Aziz','BANK JATENG','2004021358','#2004021358','NULL','default.png',0,NULL),(18,3,'IRINA KURNIATI LUBIS','BPD JAWA TENGAH','3018064391','#3018064391','NULL','default.png',0,NULL),(19,3,'YAROH MUSTAIN','BPD JAWA TENGAH','2015037213','#2015037213','NULL','default.png',0,NULL),(20,3,'SUTRISNO DRS','BPD YOGYAKARTA','005221027933','#005221027933','NULL','default.png',0,NULL),(21,3,'Ririn Wahyu Priyanti','BPD YOGYAKARTA','006221013722','#006221013722',NULL,'default.png',0,NULL),(22,3,'Aris Priyanto DRS','BPD YOGYAKARTA','006221008651','#006221008651','NULL','default.png',0,NULL),(23,3,'Giyarsih Qq Purwanto','BPD YOGYAKARTA','021221001234','#021221001234','NULL','default.png',0,NULL),(24,3,'AGUS HARIYANTO','BANK JATIM','0526263332','#0526263332','NULL','default.png',0,NULL),(25,3,'NUR KHOLILAH','BANK JATIM','0272537305','#0272537305','NULL','default.png',0,NULL),(26,3,'Imam Prajoko Slamet','BANK JATIM','0292074263','#0292074263','NULL','default.png',0,NULL),(27,3,'LUDIE KURNIA HARTONO, SPD','BANK JATIM','0062334499','#0062334499','NULL','default.png',0,NULL),(28,3,'SUHANDOYO','BANK JATIM','0142249324','#0142249324','NULL','default.png',0,NULL),(29,3,'Itok Dwi Budiarto','BPD JAWA TIMUR','0062817216','#0062817216','NULL','default.png',0,NULL),(30,3,'YUANITA WIDIASTUTI','BPD JAWA TIMUR','0132091897','#0132091897','NULL','default.png',0,NULL),(31,3,'ABD. CHAFID FARCHUN','BPD JAWA TIMUR','0282213401','#0282213401','NULL','default.png',0,NULL),(32,3,'MASHUDI','BPD JAWA TIMUR','0052716900','#0052716900','NULL','default.png',0,NULL),(33,3,'RODIAH','BPD SUMSEL dan BABEL SYARIAH','80809001213','#80809001213','NULL','default.png',0,NULL),(34,3,'AKHMAD FAISAL','BANK SUMSEL','80801000143','#80801000143','NULL','default.png',0,NULL),(35,3,'Muhammad Firdaus','BANK SUMSEL','1710910567','#1710910567','NULL','default.png',0,NULL),(36,3,'AHMAD GHAZALI PANE','Bank Sumut','31002090027541','#31002090027541','NULL','default.png',0,NULL),(37,3,'Asnitawati','BPD RIAU','1182128290','#1182128290','NULL','default.png',0,NULL),(38,3,'MISIYATI','BANK RIAU','1132115923','#1132115923','NULL','default.png',0,NULL),(39,3,'DODI INDRA','BANK RIAU','1122116396','#1122116396','NULL','default.png',0,NULL),(40,3,'DESSI ZULIYANTI','BPD SUMATERA BARAT','03000210134141','#03000210134141','NULL','default.png',0,NULL),(41,3,'ORIA LASMANA','BPD SUMATERA BARAT','01000207039923','#01000207039923','NULL','default.png',0,NULL),(42,3,'Khairul Basri','BANK NAGARI','02000210061063','#02000210061063','NULL','default.png',0,NULL),(43,3,'Khaira Islamely','BANK NAGARI','02000210066334','#02000210066334','NULL','default.png',0,NULL),(44,3,'Dermawati','BPD LAMPUNG','3800304341226','#3800304341226','NULL','default.png',0,NULL),(45,3,'Lidia Endi Sulandari','BPD LAMPUNG','3810307031921','#3810307031921','NULL','default.png',0,NULL),(46,3,'Septi Wulandari','BPD JAMBI','0204013977','#0204013977','NULL','default.png',0,NULL),(47,3,'ABDUL SALAM','BPD SULAWESI TENGGARA','00402010086533','#00402010086533','NULL','default.png',0,NULL),(48,3,'AGUS WUMU','BANK SULUT','01902030021936','#01902030021936','NULL','default.png',0,NULL),(49,3,'HERNY TUMANDUK','BANK SULUT','01202110069171','#01202110069171','NULL','default.png',0,NULL),(50,3,'OCTOVIANUS J PENTURY','BANK MALUKU','0103925548','#0103925548','NULL','default.png',0,NULL),(51,3,'Maria Sinaga','BANK CIMB NIAGA','700537087100','#700537087100','NULL','default.png',0,NULL),(52,3,'VERONIKA IDA SRIGUNTARI','BANK CIMB NIAGA','701695662300','#701695662300','NULL','default.png',0,NULL),(53,3,'RATNA SETYOWATI PUTRI','BANK CIMB NIAGA','702137997500','#702137997500','NULL','default.png',0,NULL),(54,3,'Ivenna Leonardi','BANK CIMB NIAGA','702450775000','#702450775000','NULL','default.png',0,NULL),(55,3,'Bernadhetta Roselita Anggorosari','BANK CIMB NIAGA','701695794900','#701695794900','NULL','default.png',0,NULL),(56,3,'Fany Oktavia Rundupadang','BANK CIMB NIAGA','700426493800','#700426493800','NULL','default.png',0,NULL),(57,3,'Lili Ng Sui Mi','BANK LIPPO','704869265600','#704869265600','NULL','default.png',0,NULL),(58,3,'Gusti Ayu Ketut Astiti','BANK OCBC NISP','160810136939','#160810136939','NULL','default.png',0,NULL),(59,3,'Tjong Hana Kurniawati','BANK NISP','131810033319','#131810033319','NULL','default.png',0,NULL),(60,3,'Parada Monita Napitupulu','BANK TABUNGAN NEGARA','0002201500162093','#0002201500162093','NULL','default.png',0,NULL),(61,3,'Endang Royanti','BANK SYARIAH MANDIRI','7022283965','#7022283965','NULL','default.png',0,NULL),(62,3,'YONA ROSITA','BANK SYARIAH MANDIRI','7148060279','#7148060279','NULL','default.png',0,NULL),(63,3,'Hisam Hidayatullah','BANK SYARIAH MANDIRI','7043463327','#7043463327','NULL','default.png',0,NULL),(64,3,'LIA NUR\'ALIAH','BANK SYARIAH MANDIRI','7139296685','#7139296685','NULL','default.png',0,NULL),(65,3,'Arni Ferra Sinatra','BANK BRI','309501013604538','#309501013604538','NULL','default.png',0,NULL),(66,3,'Alfaizi','BANK BRI','574001003870534','#574001003870534','NULL','default.png',0,NULL),(67,3,'Drs.Benny Setiawan','BANK BRI','702301000215501','#702301000215501','NULL','default.png',0,NULL),(68,3,'CHRISTIAN WAHYU LASUT','BANK BRI','364601020409536','#364601020409536','NULL','default.png',0,NULL),(69,3,'Jemma, S.Pd., M.Pd.','BANK BRI','022501022770508','#022501022770508','NULL','default.png',0,NULL),(70,3,'Dra. Nuraeni, M.Pd.','BANK BRI','010501028719506','#010501028719506','NULL','default.png',0,NULL),(71,3,'Nursyamsi SPD','BANK BRI','549701007434533','#549701007434533','NULL','default.png',0,NULL),(72,3,'SARINO','BANK BRI','349901032197532','#349901032197532','NULL','default.png',0,NULL),(73,3,'SUTRIYONO','BANK BRI','561101022088535','#561101022088535','NULL','default.png',0,NULL),(74,3,'TOMAS DWI HERUSANTOSA DRS','BANK BRI','307101029484534','#307101029484534','NULL','default.png',0,NULL),(75,3,'TRI MURYANTI','BANK BRI','625801016933535','#625801016933535','NULL','default.png',0,NULL),(76,3,'Ummi Nuraini','BANK BRI','216801000815500','#216801000815500','NULL','default.png',0,NULL),(77,3,'Yandri Soeyono','BANK BRI','028101006742537','#028101006742537','NULL','default.png',0,NULL),(78,3,'SRI UTAMI','BANK BRI','604001000579504','#604001000579504','NULL','default.png',0,NULL),(79,3,'Gloria Agustina P. Andoea','BANK BRI','051301001530538','#051301001530538','NULL','default.png',0,NULL),(80,3,'MARULLOH DRS. M.ED','BANK BRI','011501083961507','#011501083961507','NULL','default.png',0,NULL),(81,3,'LIES HERTIH GANTINA, Dr, M.Pd','BANK BRI','016101033628506','#016101033628506','NULL','default.png',0,NULL),(82,3,'Maesaroh,S.PD','BANK BRI','009201003614532','#009201003614532','NULL','default.png',0,NULL),(83,3,'Syahrul Aziz','BANK BRI','404601005400530','#404601005400530','NULL','default.png',0,NULL),(84,3,'Ferawati Insyabela','BANK BRI','640001001355505','#640001001355505','NULL','default.png',0,NULL),(85,3,'Dra. N. Yuli Ridawati, M.Si.','BANK BRI','328901034570533','#328901034570533','NULL','default.png',0,NULL),(86,3,'Andy Mukriadi, S.Pd.','BANK BRI','035801006161534','#035801006161534','NULL','default.png',0,NULL),(87,3,'EDY SANJAYA','BANK BRI','032301002218534','#032301002218534','NULL','default.png',0,NULL),(88,3,'SUGIARDI,S.Pd','BANK BRI','026601023816507','#026601023816507','NULL','default.png',0,NULL),(89,3,'AGUSTINAWATI','BANK BRI','026601049969508','#026601049969508','NULL','default.png',0,NULL),(90,3,'Lenni Nurcahaya Purba','BANK BRI','109501000424539','#109501000424539','NULL','default.png',0,NULL),(91,3,'ANWAR SAID, S. PD','BANK BRI','382701005584533','#382701005584533','NULL','default.png',0,NULL),(92,3,'Supartik','BANK BRI','028301016932536','#028301016932536','NULL','default.png',0,NULL),(93,3,'Fitriani Waruwu','BANK BRI','017601006459507','#017601006459507','NULL','default.png',0,NULL),(94,3,'Khairuddin','BANK BRI','529801005951537','#529801005951537','NULL','default.png',0,NULL),(95,3,'ANIMAR, S.PD','BANK BRI','060401003114507','#060401003114507','NULL','default.png',0,NULL),(96,3,'NURMAINI MY','BANK BRI','73380101001538','#73380101001538','NULL','default.png',0,NULL),(97,3,'Anang Widiyantara','BANK BRI','023601009311534','#023601009311534','NULL','default.png',0,NULL),(98,3,'AGUS HERI BUDIWIYONO, DRS.','BANK BRI','692801013009538','#692801013009538','NULL','default.png',0,NULL),(99,3,'Endang Bawonowati','BANK BRI','003801006460530','#003801006460530','NULL','default.png',0,NULL),(100,3,'Hari Nuryanto','BANK BRI','666801004548535','#666801004548535','NULL','default.png',0,NULL),(101,3,'Hendrik Hermawan','BANK BRI','209501002847536','#209501002847536','NULL','default.png',0,NULL),(102,3,'SURANTO','BANK BRI','389701005815537','#389701005815537','NULL','default.png',0,NULL),(103,3,'LISMAWATI','BANK BRI','388501001081533','#388501001081533','NULL','default.png',0,NULL),(104,3,'Mustain','BANK BRI','004501024586531','#004501024586531','NULL','default.png',0,NULL),(105,3,'ABDULLAH','BANK BRI','008601010073534','#008601010073534','NULL','default.png',0,NULL),(106,3,'Husnil Kirom, M.Pd.','BANK BRI','227201005253506','#227201005253506','NULL','default.png',0,NULL),(107,3,'NILA SUKMA DEWI','BANK BRI','413001009019536','#413001009019536','NULL','default.png',0,NULL),(108,3,'MUHAMMAD SYOLIHIN','BANK BRI','347701035288532','#347701035288532','NULL','default.png',0,NULL),(109,3,'RASARPINA','BANK BRI','107901023971507','#107901023971507','NULL','default.png',0,NULL),(110,3,'Tri Hastuti','BANK BRI','028401025600502','#028401025600502','NULL','default.png',0,NULL),(111,3,'ABDULLATIF BEU','BANK BRI','513001011915539','#513001011915539','NULL','default.png',0,NULL),(112,3,'ALI NURDIN','BANK BRI','476901014846531','#476901014846531','NULL','default.png',0,NULL),(113,3,'NUR AMNI A HASAN','BANK BRI','007201043249503','#007201043249503','NULL','default.png',0,NULL),(114,3,'Drs. Donald R.E. Ruindungan','BANK BRI','524101008135535','#524101008135535','NULL','default.png',0,NULL),(115,3,'SUPRAPTONO DRS MPD','BANK BRI','033401038280506','#033401038280506','NULL','default.png',0,NULL),(116,3,'HADI SUNARYO','BANK BNI','0507874746','#0507874746','NULL','default.png',0,NULL),(117,3,'HERU SUSANTO','BANK BNI','0037365890','#0037365890','NULL','default.png',0,'2021-07-22'),(118,3,'Ibu RITA INDAWATIK','BANK BNI','0114024740','#0114024740','NULL','default.png',0,NULL),(119,3,'AKHMAD WAFI SURURI','BANK BNI','0113511156','#0113511156','NULL','default.png',0,NULL),(120,3,'Ibu Tri Handayani','BANK BNI','0306056413','#0306056413','NULL','default.png',0,NULL),(121,3,'ibu DEWI YUPITA R R','BANK BNI','0176583693','#0176583693','NULL','default.png',0,NULL),(122,3,'Hadyan sugalayudhana','BANK BNI','8221615631','#8221615631','NULL','default.png',0,NULL),(123,3,'Dewi Ramdhani Koesmayanti','BANK BNI','00220489192','#00220489192','NULL','default.png',0,NULL),(124,3,'SOFYANTO','BANK BNI','0527119804','#0527119804','NULL','default.png',0,NULL),(125,3,'SALIMUDIN','BANK BNI','0969320258','#0969320258','NULL','default.png',0,NULL),(126,3,'Bapak II WAHYUDIN','BANK BNI','0276206723','#0276206723','NULL','default.png',0,NULL),(127,3,'Maisarah','BANK BNI','0349888545','#0349888545','NULL','default.png',0,NULL),(128,3,'Lusdiana Saehana','BANK BNI','0765657477','#0765657477','NULL','default.png',0,NULL),(129,3,'ZAIMA','BANK BNI','0695369656','#0695369656','NULL','default.png',0,NULL),(130,3,'Suwandi Sibarani','BANK MANDIRI','1060013392157','#1060013392157','NULL','default.png',0,NULL),(131,3,'AGUS  SALIM','BANK MANDIRI','1010005887565','#1010005887565','NULL','default.png',0,NULL),(132,3,'Dwi Sartika Ayu','BANK MANDIRI','1080012341609','#1080012341609','NULL','default.png',0,NULL),(133,3,'AYI RATNASARI','BANK MANDIRI','1080012343696','#1080012343696','NULL','default.png',0,NULL),(134,3,'MARTINA BUTARBUTAR','BANK MANDIRI','1060005823748','#1060005823748','NULL','default.png',0,NULL),(135,3,'Linda Lestari Wignyo D','BANK MANDIRI','1080012348604','#1080012348604','NULL','default.png',0,NULL),(136,3,'ELLEN ESTER BATUBARA','BANK MANDIRI','1080012342987','#1080012342987','NULL','default.png',0,NULL),(137,3,'Martha Trisnawati Siagian','BANK MANDIRI','1080012348414','#1080012348414','NULL','default.png',0,NULL),(138,3,'SITI MASITOH','BANK MANDIRI','1630004316876','#1630004316876','NULL','default.png',0,NULL),(139,3,'Murman','BANK MANDIRI','1350013639974','#1350013639974','NULL','default.png',0,NULL),(140,3,'ni made rusmala dewi','BANK MANDIRI','9000032175714','#9000032175714','NULL','default.png',0,NULL),(141,3,'Pudjo Mukti','BANK MANDIRI','1350003061536','#1350003061536','NULL','default.png',0,NULL),(142,3,'ENDANG WIDIATI','BANK MANDIRI','1440012721988','#1440012721988','NULL','default.png',0,NULL),(143,3,'TRI BUDHI SUSILOWATI','BANK MANDIRI','1710006982881','#1710006982881','NULL','default.png',0,NULL),(144,3,'MASWITA','BANK MANDIRI','1110009710571','#1110009710571','NULL','default.png',0,NULL),(145,3,'Roby Setia Pramana','BANK MANDIRI','1110007892546','#1110007892546','NULL','default.png',0,NULL),(146,3,'ANDI ABDURRAHMAN','BANK MANDIRI','1090018707877','#1090018707877','NULL','default.png',0,NULL),(147,3,'DIANA WAHYUNI','BANK MANDIRI','1220006473592','#1220006473592','NULL','default.png',0,NULL),(148,3,'LUH GEDE MAYA WIRASTUTI DEWI','BANK MANDIRI','1450011396567','#1450011396567','NULL','default.png',0,NULL),(149,3,'SUGENG PRASOJO','BANK MANDIRI','1540095039917','#1540095039917','NULL','default.png',0,NULL),(150,3,'Ibu SITI RAHAYU','BANK MANDIRI','1370018508388','#1370018508388','NULL','default.png',0,NULL),(151,3,'Hondho Wahyu Setyaningsih','BANK BCA','8840822312','#8840822312','NULL','default.png',0,NULL),(152,3,'Yuliany','BANK BCA','5270439685','#5270439685','NULL','default.png',0,NULL),(153,3,'EUIS ENGGUH MARLINA','BANK BCA','1390346821','#1390346821','NULL','default.png',0,NULL),(154,3,'Rahmat Hidayat','BANK BCA','4531153531','#4531153531','NULL','default.png',0,NULL),(155,3,'Harumdah','BANK BCA','1791424939','#1791424939','NULL','default.png',0,NULL),(156,3,'HASIM MM','BANK BCA','5771122583','#5771122583','NULL','default.png',0,NULL),(157,3,'MOHAMMAD HUSAIN','BANK BCA','3580225887','#3580225887','NULL','default.png',0,NULL),(158,3,'Budi Santoso,S.Pd','BANK BCA','1030509494','#1030509494','NULL','default.png',0,NULL),(159,3,'GUN GUN GUMILAR','BANK BCA','3403781513','#3403781513','NULL','default.png',0,NULL),(160,1,'Hafid fitrohan','NO BANK','101220','#101220','NULL','jytFKdYIJ8OHWBX1.jpeg',0,'2021-07-22'),(161,2,'Moderator 1','NO BANK','222222','#222222','NULL','default.png',0,NULL),(162,2,'Moderator 2','NO BANK','333333','#333333','NULL','default.png',0,NULL),(163,2,'Moderator 3','NO BANK','444444','#444444','NULL','default.png',0,'2021-07-22'),(165,3,'Ujang Syarif Hidayat, M.Pd','BPD JABAR BANTEN','12345678999','#12345678999',NULL,'default.png',0,NULL),(166,3,'Dra. Dwi Yusmiharsi, M.M.','BPD JABAR BANTEN','12345678000','#12345678000',NULL,'default.png',0,NULL),(167,3,'Dalvi, S.Pd.I, M.Pd.I','BPD SUMATERA BARAT SYARIAH','72020220039711','#72020220039711',NULL,'default.png',0,NULL),(168,3,'Fathur Rachim','BANK BNI','0299302680','#0299302680',NULL,'default.png',0,NULL),(169,3,'Maman Rachman','BANK BNI','0588775728','#0588775728',NULL,'default.png',0,NULL),(170,3,'Ima Nursita','BANK BNI','0829175753','#0829175753',NULL,'default.png',0,NULL),(171,3,'Yuri Yogaswara','BANK BNI','0692748355','#0692748355',NULL,'default.png',0,NULL),(172,3,'Lucia Yuyun Dian S.','BANK MANDIRI','1350016651448','#1350016651448',NULL,'default.png',0,NULL),(173,3,'Wahidah Akmal','BANK BRI SYARIAH','1038338303','#1038338303',NULL,'default.png',0,NULL),(174,3,'Fauzan Masri','BANK SYARIAH MANDIRI','7023845835','#7023845835',NULL,'default.png',0,NULL),(175,3,'Rimma Syammach','BANK BAC','0401752454','#0401752454',NULL,'default.png',0,NULL),(176,3,'SUHARTO','BANK ACEH','04002036204719','#04002036204719',NULL,'default.png',0,NULL),(177,3,'Ainul Mardiyah Usman,M.Pd','BANK ACEH','1002036423504','#1002036423504',NULL,'default.png',0,NULL),(178,3,'SOLIHIN','BANK BJB','0005609143100','#0005609143100',NULL,'default.png',0,NULL),(179,3,'ACIH SUARSIH, SPD','BANK BJB','0018830541100','#0018830541100',NULL,'default.png',0,NULL),(180,3,'I GEDE EKA MAHENDRA','BANK BPD BALI','0130202123270','#0130202123270',NULL,'default.png',0,NULL),(181,3,'MELINDA FEBRINA SILABAN','BANK CIMB NIAGA','702279578300','#702279578300',NULL,'default.png',0,NULL),(182,3,'ELISABETH PRISTIWI','BANK CIMB NIAGA','705767009600','#705767009600',NULL,'default.png',0,NULL),(183,3,'IVAN PATTIASINA','BANK CIMB NIAGA','702283514800','#702283514800',NULL,'default.png',0,NULL),(184,3,'DADAN','BANK CIMB NIAGA','701216221200','#701216221200',NULL,'default.png',0,NULL),(185,3,'YUDA ASIH SOENTORO PUTRI','BANK CIMB NIAGA','705825327700','#705825327700',NULL,'default.png',0,NULL),(186,3,'Andrea Okem','BANK CIMB NIAGA','760270116200','#760270116200',NULL,'default.png',0,NULL),(187,3,'RENJES FERNANDO PURBA','BANK DANAMON','003544185725','#003544185725',NULL,'default.png',0,NULL),(188,3,'EKA SUHARTI APRILIANTI','BANK KALBAR','1025380009','#1025380009',NULL,'default.png',0,NULL),(189,3,'NOVIANTI','BANK MANDIRI SYARIAH','7070387896','#7070387896',NULL,'default.png',0,NULL),(190,3,'Gunawan Widiyanto','BANK MANDIRI SYARIAH','7080036797','#7080036797',NULL,'default.png',0,NULL),(191,3,'Dr. Syarifuddin, M.Pd','BANK MANDIRI SYARIAH','7119963588','#7119963588',NULL,'default.png',0,NULL),(192,3,'MOHAMMAD MAKMUN QOMAR','BANK MUAMALAT INDONESIA','6080004637','#6080004637',NULL,'default.png',0,NULL),(193,3,'Titik Susiani','BANK NAGARI','10000207003444','#10000207003444',NULL,'default.png',0,NULL),(194,3,'YUNI SISCA','BANK OCBC NISP','044810108678','#044810108678',NULL,'default.png',0,NULL),(195,3,'PUTU AYU MUSTIARI','BANK PERMATA','4108557848','#4108557848',NULL,'default.png',0,NULL),(196,3,'LUCY HANDAYANI','BANK TABUNGAN NEGARA','0018701500034814','#0018701500034814',NULL,'default.png',0,NULL),(197,3,'SERLI','BANK TABUNGAN NEGARA','0011301500021571','#0011301500021571',NULL,'default.png',0,NULL),(198,3,'GEDE KARMADA','BPD BALI','0150215032219','#0150215032219',NULL,'default.png',0,NULL),(199,3,'Rahmah Kurniawaty','BPD DKI','10120211893','#10120211893',NULL,'default.png',0,NULL),(200,3,'RITA SURATININGSIH','BPD DKI','51123058282','#51123058282',NULL,'default.png',0,NULL),(201,3,'DENDANG SUTIANA','BPD JABAR BANTEN','0018883716100','#0018883716100',NULL,'default.png',0,NULL),(202,3,'ASEP HENDRASYAH','BPD JABAR BANTEN','0079115185100','#0079115185100',NULL,'default.png',0,NULL),(203,3,'Sugeng Budi S','BPD JABAR BANTEN','0086980495100','#0086980495100',NULL,'default.png',0,NULL),(204,3,'SUYAMTO','BPD JAWA TENGAH','3030130536','#3030130536',NULL,'default.png',0,NULL),(205,3,'MOHAMAD. TOFAN HANIB','BPD JAWA TIMUR','0242328035','#0242328035',NULL,'default.png',0,NULL),(206,3,'NINIK KRISTIANI','BPD JAWA TIMUR','0042358944','#0042358944',NULL,'default.png',0,NULL),(207,3,'ITA PANCASETYA SUKMAWATI','BPD JAWA TIMUR','0302512299','#0302512299',NULL,'default.png',0,NULL),(208,3,'FREDY ANDRE TUTUHATUNEWA','BPD MALUKU DAN MALUKU UTARA','0103925588','#0103925588',NULL,'default.png',0,NULL),(209,3,'AKH. HIDAYAT','BPD NUSA TENGGARA BARAT SYARIAH','0222206829021','#0222206829021',NULL,'default.png',0,NULL),(210,3,'ASRIDA, S. PD','BPD SULAWESI TENGAH','0010205212416','#0010205212416',NULL,'default.png',0,NULL),(211,3,'NELFI YENTRIATI','BPD SUMATERA BARAT','03000210022530','#03000210022530',NULL,'default.png',0,NULL),(212,3,'KHAIRANIS','BPD SUMATERA BARAT','02040210018510','#02040210018510',NULL,'default.png',0,NULL),(213,3,'MARSID','BPD SUMATERA UTARA','30202040116927','#30202040116927',NULL,'default.png',0,NULL),(214,3,'ISKANDAR LUBIS','BPD SUMATERA UTARA','10002090159811','#10002090159811',NULL,'default.png',0,NULL),(215,3,'SUGIYANA','BPD YOGYAKARTA','001221006623','#001221006623',NULL,'default.png',0,NULL),(216,3,'SUGENG ROHADI','BPD YOGYAKARTA','021221000403','#021221000403',NULL,'default.png',0,NULL),(217,3,'FAUZI ENNY','PT. BANK RIAU KEPRI','1072102560','#1072102560',NULL,'default.png',0,NULL),(218,3,'SARMIATI','PT. BANK RIAU KEPRI','1182113237','#1182113237',NULL,'default.png',0,NULL),(219,3,'BAMBANG MOHAMAD KARTONO','BANK CENTRAL ASIA','3030468758','#3030468758',NULL,'default.png',0,NULL),(220,3,'HERRIYANTI SUJONO','BANK CENTRAL ASIA','5735226557','#5735226557',NULL,'default.png',0,NULL),(221,3,'ELVA NOVIANTY','BANK CENTRAL ASIA','1891004945','#1891004945',NULL,'default.png',0,NULL),(222,3,'MUJI WALUYO','BANK CENTRAL ASIA','1540143231','#1540143231',NULL,'default.png',0,NULL),(223,3,'JUMIYANTO','BANK CENTRAL ASIA','8950333279','#8950333279',NULL,'default.png',0,NULL),(224,3,'TOTOK ENDAR PURWANTO','BANK CENTRAL ASIA','6800544295','#6800544295',NULL,'default.png',0,NULL),(225,3,'Y. EDIYONO, S. PD, M.A','BANK CENTRAL ASIA','8895247703','#8895247703',NULL,'default.png',0,NULL),(226,3,'MARINA TRI HASTUTI','BANK CENTRAL ASIA','8620131033','#8620131033',NULL,'default.png',0,NULL),(227,3,'Fawziana Ratna Mustika, M.Si.','BANK CENTRAL ASIA','0231263364','#0231263364',NULL,'default.png',0,NULL),(228,3,'Dewi Wulansari','BANK CENTRAL ASIA','1561895550','#1561895550',NULL,'default.png',0,NULL),(229,3,'Wiwik Setyawati, M.Pd','BANK CENTRAL ASIA','8615147326','#8615147326',NULL,'default.png',0,NULL),(230,3,'Widya Setyaningrum Bagyoastuti, S.P., M.Pd','BANK CENTRAL ASIA','5725130365','#5725130365',NULL,'default.png',0,NULL),(231,3,'NIKMATIL HASANAH','BANK MANDIRI','9000023688881','#9000023688881',NULL,'default.png',0,NULL),(232,3,'NANI TRIANI, S.PD., M.SI.','BANK MANDIRI','1310005003126','#1310005003126',NULL,'default.png',0,NULL),(233,3,'PETRI PRIYATNI','BANK MANDIRI','9000034996224','#9000034996224',NULL,'default.png',0,NULL),(234,3,'BANGUN PRACOYO','BANK MANDIRI','1390004631655','#1390004631655',NULL,'default.png',0,NULL),(235,3,'FRETTY DOHARNI RITONGA','BANK MANDIRI','1060011667436','#1060011667436',NULL,'default.png',0,NULL),(236,3,'Sahri','BANK MANDIRI','1600000161832','#1600000161832',NULL,'default.png',0,NULL),(237,3,'DARWIS','BANK MANDIRI','1310004303303','#1310004303303',NULL,'default.png',0,NULL),(238,3,'YANI','BANK MANDIRI','1630001393134','#1630001393134',NULL,'default.png',0,NULL),(239,3,'TANGSI SASMITO','BANK MANDIRI','1370017000635','#1370017000635',NULL,'default.png',0,NULL),(240,3,'ALPANSYAH','BANK MANDIRI','9000030443890','#9000030443890',NULL,'default.png',0,NULL),(241,3,'NURDIANA','BANK MANDIRI','1070002194621','#1070002194621',NULL,'default.png',0,NULL),(242,3,'Rumiati, M.Ed.','BANK MANDIRI','1370006903914','#1370006903914',NULL,'default.png',0,NULL),(243,3,'Arfianti Lababa, S.Pd. M.Pd.','BANK MANDIRI','9000042473711','#9000042473711',NULL,'default.png',0,NULL),(244,3,'Taufik Nugroho','BANK MANDIRI','1660002606291','#1660002606291',NULL,'default.png',0,NULL),(245,3,'Dr. Sanggam Pardede, M.Pd','BANK MANDIRI','1060010470485','#1060010470485',NULL,'default.png',0,NULL),(246,3,'Dr. Muhamad Yani, M.Sc.Ed.','BANK MANDIRI','1310002031708','#1310002031708',NULL,'default.png',0,NULL),(247,3,'Andik Suwastono, M.Pd.','BANK MANDIRI','1440085016290','#1440085016290',NULL,'default.png',0,NULL),(248,3,'Widayati Indarsih','BANK MANDIRI','1370006824458','#1370006824458',NULL,'default.png',0,NULL),(249,3,'ISNAIN EVILINA DEWI, S.Pd, M.A','BANK MANDIRI','1370004142242','#1370004142242',NULL,'default.png',0,NULL),(250,3,'Drs. Agung Handoko, M.Pd.','BANK MANDIRI','1370006827386','#1370006827386',NULL,'default.png',0,NULL),(251,3,'Gatot Wibowo Hamiseno','BANK MANDIRI','1370006827378','#1370006827378',NULL,'default.png',0,NULL),(252,3,'Dr. Rin Surtantini, M.Hum','BANK MANDIRI','1370011966666','#1370011966666',NULL,'default.png',0,NULL),(253,3,'Rr. Endah Yanuarti','BANK MANDIRI','1320021195400','#1320021195400',NULL,'default.png',0,NULL),(254,3,'Rina Mutaqinah','BANK MANDIRI','1320021195806','#1320021195806',NULL,'default.png',0,NULL),(255,3,'Dini Irawati','BANK MANDIRI','1320021197042','#1320021197042',NULL,'default.png',0,NULL),(256,3,'Dida Hamidah','BANK MANDIRI','1320021207411','#1320021207411',NULL,'default.png',0,NULL),(257,3,'Dani Tohir','BANK MANDIRI','1320021195442','#1320021195442',NULL,'default.png',0,NULL),(258,3,'Ading Mulyadi','BANK MANDIRI','1320021213682','#1320021213682',NULL,'default.png',0,NULL),(259,3,'Dr. Mochamad Zen, M. Pd., M. Si.','BANK MANDIRI','1320021196986','#1320021196986',NULL,'default.png',0,NULL),(260,3,' Ratnasari','BANK MANDIRI','1320021202834','#1320021202834',NULL,'default.png',0,NULL),(261,3,'Wawan','BANK MANDIRI','1320021196705','#1320021196705',NULL,'default.png',0,NULL),(262,3,'Fadibah Setiawan, M.Pd','BANK MANDIRI','1420005622658','#1420005622658',NULL,'default.png',0,NULL),(263,3,'Dr. Al Badrotus Tsaniyah, M.Pd','BANK MANDIRI','1420013573885','#1420013573885',NULL,'default.png',0,NULL),(264,3,'Jeperis Nahampun','BANK MANDIRI','1460005325837','#1460005325837',NULL,'default.png',0,NULL),(265,3,'Kusmoro','BANK MANDIRI','1460005335463','#1460005335463',NULL,'default.png',0,NULL),(266,3,'Firman Laurensius Nadeak,S.Si.,M.PFis','BANK MANDIRI','1500004956247','#1500004956247',NULL,'default.png',0,NULL),(267,3,'Novri Nori Lomboan,S.Pd.,M.Pd','BANK MANDIRI','1500006934713','#1500006934713',NULL,'default.png',0,NULL),(268,3,'Wijiyati,S.Pd.,M.Pd','BANK MANDIRI','1500000043115','#1500000043115',NULL,'default.png',0,NULL),(269,3,'Merry Elmy Wawo,S.Pd.,M.Pd','BANK MANDIRI','1500006953143','#1500006953143',NULL,'default.png',0,NULL),(270,3,'Rahmatiah, S.Si., M.Si','BANK MANDIRI','1740001765718','#1740001765718',NULL,'default.png',0,NULL),(271,3,'Zuumi Kudus, S.Pd.,M.Pd','BANK MANDIRI','1620000795702','#1620000795702',NULL,'default.png',0,NULL),(272,3,'Ikbal Albaar, M.Pd','BANK MANDIRI','1500005003353','#1500005003353',NULL,'default.png',0,NULL),(273,3,'Indriyati Marsaoly, SE, M. Pd','BANK MANDIRI','1500010074449','#1500010074449',NULL,'default.png',0,NULL),(274,3,'Buksi Lumbessy, S.Pd, M.Pd.','BANK MANDIRI','1500010060398','#1500010060398',NULL,'default.png',0,NULL),(275,3,'Aisun Hasan, S.Psi., MA','BANK MANDIRI','1500010073904','#1500010073904',NULL,'default.png',0,NULL),(276,3,'Ihsan, ST., M.Pd','BANK MANDIRI','1500004075469','#1500004075469',NULL,'default.png',0,NULL),(277,3,'Santy Mukti Mardhika','BANK MANDIRI','1540099044012','#1540099044012',NULL,'default.png',0,NULL),(278,3,'TRI RUSDIYONO','BANK MANDIRI','1360010346226','#1360010346226',NULL,'default.png',0,NULL),(279,3,'Giri Verianti','BANK MANDIRI','1320021198537','#1320021198537',NULL,'default.png',0,NULL),(280,3,'ASTUTIEK','BANK NEGARA INDONESIA','120780152','#120780152',NULL,'default.png',0,NULL),(281,3,'AHMAD KASMIJAN','BANK NEGARA INDONESIA','0226696261','#0226696261',NULL,'default.png',0,NULL),(282,3,'NURDIN JALIL','BANK NEGARA INDONESIA','0505019565','#0505019565',NULL,'default.png',0,NULL),(283,3,'DUDI WAHYUDI','BANK NEGARA INDONESIA','0506364522','#0506364522',NULL,'default.png',0,NULL),(284,3,'SUKARNI HANDAYANI','BANK NEGARA INDONESIA','0841484733','#0841484733',NULL,'default.png',0,NULL),(285,3,'AHMADI','BANK NEGARA INDONESIA','0526800793','#0526800793',NULL,'default.png',0,NULL),(286,3,'ABDUL ZAKARIA','BANK NEGARA INDONESIA','0225034036','#0225034036',NULL,'default.png',0,NULL),(287,3,'LAMBOK PAMANCAR SARAGI','BANK NEGARA INDONESIA','0900269005','#0900269005',NULL,'default.png',0,NULL),(288,3,'TATY RAHAYUNINGSIH','BANK NEGARA INDONESIA','009590694708','#009590694708',NULL,'default.png',0,NULL),(289,3,'HERU SUSENO','BANK NEGARA INDONESIA','0476253256','#0476253256',NULL,'default.png',0,NULL),(290,3,'MUHAMMAD RUSMAN','BANK NEGARA INDONESIA','086161729','#086161729',NULL,'default.png',0,NULL),(291,3,'RAHMAD RAMELAN SETIA BUDI,  M. PD','BANK NEGARA INDONESIA','0417928913','#0417928913',NULL,'default.png',0,NULL),(292,3,'DRS. WAGIYO, M.PD','BANK NEGARA INDONESIA',' 0363663410','# 0363663410',NULL,'default.png',0,NULL),(293,3,'SUYUD PRABUDI','BANK NEGARA INDONESIA','1055764090','#1055764090',NULL,'default.png',0,NULL),(294,3,'ENDANG TRININGSIH','BANK NEGARA INDONESIA','0755749030','#0755749030',NULL,'default.png',0,NULL),(295,3,'MARLINA','BANK NEGARA INDONESIA','0244871742','#0244871742',NULL,'default.png',0,NULL),(296,3,'HALIMATANG, M.P.FIS','BANK NEGARA INDONESIA','0134883845','#0134883845',NULL,'default.png',0,NULL),(297,3,'Subair','BANK NEGARA INDONESIA','96313896','#96313896',NULL,'default.png',0,NULL),(298,3,'Made Yunita Reny','BANK NEGARA INDONESIA','0583192775','#0583192775',NULL,'default.png',0,NULL),(299,3,'Drs. Rihandoyo, M.Or.','BANK NEGARA INDONESIA','0192152714','#0192152714',NULL,'default.png',0,NULL),(300,3,'Fety Marhayuni, S.Pd., M.Pd.','BANK NEGARA INDONESIA','0574248813','#0574248813',NULL,'default.png',0,NULL),(301,3,'Mulyati, S.Pd., M.M','BANK NEGARA INDONESIA','574246779','#574246779',NULL,'default.png',0,NULL),(302,3,'Dr. Heri Supriyana, M.Pd.','BANK NEGARA INDONESIA','0215619541','#0215619541',NULL,'default.png',0,NULL),(303,3,'ST. Nurjaningsih, S.Si., M.T.','BANK NEGARA INDONESIA','0252930890','#0252930890',NULL,'default.png',0,NULL),(304,3,'Dr. Dian Fajarwati, M.Pd.','BANK NEGARA INDONESIA','0220852987','#0220852987',NULL,'default.png',0,NULL),(305,3,'Iqbal Khamdani, M.Pd.I.','BANK NEGARA INDONESIA','0220883223','#0220883223',NULL,'default.png',0,NULL),(306,3,'DR. Fathur Rohim','BANK NEGARA INDONESIA','0354901310','#0354901310',NULL,'default.png',0,NULL),(307,3,'Siti Nurhayati','BANK NEGARA INDONESIA','195954317','#195954317',NULL,'default.png',0,NULL),(308,3,'Muhammad Isnaini, M.Pd.','BANK NEGARA INDONESIA','0195920025','#0195920025',NULL,'default.png',0,NULL),(309,3,'Jehan Ananda Aliyah KH, M.A.','BANK NEGARA INDONESIA','0195866102','#0195866102',NULL,'default.png',0,NULL),(310,3,'Dedi Supriyanto','BANK NEGARA INDONESIA','0195893726','#0195893726',NULL,'default.png',0,NULL),(311,3,'Ahmad Ghozi, M.Pd','BANK NEGARA INDONESIA','0195904241','#0195904241',NULL,'default.png',0,NULL),(312,3,'Ririk Ratnasari, M.Pd.','BANK NEGARA INDONESIA','0195910709','#0195910709',NULL,'default.png',0,NULL),(313,3,'Endang Kurniawan','BANK NEGARA INDONESIA','0195846493','#0195846493',NULL,'default.png',0,NULL),(314,3,'Lia Herawati, S.S., M.Pd.','BANK NEGARA INDONESIA','0195851094','#0195851094',NULL,'default.png',0,NULL),(315,3,'Dr. Endah Ariani Madusari, M.Pd.','BANK NEGARA INDONESIA','0195927292','#0195927292',NULL,'default.png',0,NULL),(316,3,'Dra. Elita Burhanudin, M.Pd','BANK NEGARA INDONESIA','0195803946','#0195803946',NULL,'default.png',0,NULL),(317,3,'WAHYU NINGRUM','BANK NEGARA INDONESIA','0195919032','#0195919032',NULL,'default.png',0,NULL),(318,3,'Kardina Pendikarini','BANK NEGARA INDONESIA','0195852167','#0195852167',NULL,'default.png',0,NULL),(319,3,'Vera','BANK NEGARA INDONESIA','0195926367','#0195926367',NULL,'default.png',0,NULL),(320,3,'Indriyati, SS,MTrainDev','BANK NEGARA INDONESIA','0195819888','#0195819888',NULL,'default.png',0,NULL),(321,3,'Virgo Rita Furyani','BANK NEGARA INDONESIA','0195806073','#0195806073',NULL,'default.png',0,NULL),(322,3,'Dr. Agung Suprihatin, S.Pd., M.Si','BANK NEGARA INDONESIA','0113373011','#0113373011',NULL,'default.png',0,NULL),(323,3,'Profillia Putri','BANK NEGARA INDONESIA','0395162336','#0395162336',NULL,'default.png',0,NULL),(324,3,'Dra. Dwi Hastuti, M.M.','BANK NEGARA INDONESIA','0395161739','#0395161739',NULL,'default.png',0,NULL),(325,3,'Ibnu Athiyah, M.Pd','BANK NEGARA INDONESIA','0808850575','#0808850575',NULL,'default.png',0,NULL),(326,3,'Ceravina Susanti K','BANK NEGARA INDONESIA','0806650103','#0806650103',NULL,'default.png',0,NULL),(327,3,'Cahya Yuana, S.Sos., M.Pd.','BANK NEGARA INDONESIA','283869737','#283869737',NULL,'default.png',0,NULL),(328,3,'Digna Syamsiar, S.Pd., M.Pd.BI','BANK NEGARA INDONESIA','0901948940','#0901948940',NULL,'default.png',0,NULL),(329,3,'Abdul Waqif','BANK NEGARA INDONESIA','0337699368','#0337699368',NULL,'default.png',0,NULL),(330,3,'Arifudin','BANK NEGARA INDONESIA','0373250467','#0373250467',NULL,'default.png',0,NULL),(331,3,'Yusnaini, S.Si., M.Pd','BANK NEGARA INDONESIA','0752048866','#0752048866',NULL,'default.png',0,NULL),(332,3,'Suwarni, S.Pd., M.Pd','BANK NEGARA INDONESIA','0188326552','#0188326552',NULL,'default.png',0,NULL),(333,3,'Dermalince Sitinjak, S.Pd., M.Pd','BANK NEGARA INDONESIA','0184931438','#0184931438',NULL,'default.png',0,NULL),(334,3,'Yulhefi, M.Pd','BANK NEGARA INDONESIA','0067741816','#0067741816',NULL,'default.png',0,NULL),(335,3,'Taufik, M.Pd','BANK NEGARA INDONESIA','0162365467','#0162365467',NULL,'default.png',0,NULL),(336,3,'Dr. Rinderiyana','BANK NEGARA INDONESIA','0192152974','#0192152974',NULL,'default.png',0,NULL),(337,3,'Hardian Ashari, M.Pd.','BANK NEGARA INDONESIA','0192153489','#0192153489',NULL,'default.png',0,NULL),(338,3,'Sri Rahayu, S.Kom.,MM','BANK NEGARA INDONESIA','0166243637','#0166243637',NULL,'default.png',0,NULL),(339,3,'Nurul Usrotun Hasanah, SE, M.Pd','BANK NEGARA INDONESIA','0080669421','#0080669421',NULL,'default.png',0,NULL),(340,3,'Hidayati, S.Si,M.Pd','BANK NEGARA INDONESIA','0080668337','#0080668337',NULL,'default.png',0,NULL),(341,3,'Asep Zuhara Argawinata','BANK NEGARA INDONESIA','0227954879','#0227954879',NULL,'default.png',0,NULL),(342,3,'Dr. H. Tatang Sunendar Iskandar, M.Si.','BANK NEGARA INDONESIA ','0167832814','#0167832814',NULL,'default.png',0,NULL),(343,3,'Harli Trisdiono','BANK NEGARA INDONESIA','1117283795','#1117283795',NULL,'default.png',0,NULL),(344,3,'Waryono, dr, M.Or','BANK NEGARA INDONESIA','0897725662','#0897725662',NULL,'default.png',0,NULL),(345,3,'Drs. Bekti Maryono, M.Pd','BANK NEGARA INDONESIA','0054105240','#0054105240',NULL,'default.png',0,NULL),(346,3,'Dr. Hery Bagus Anggoro Wicaksono, M.Pd','BANK NEGARA INDONESIA','0706449852','#0706449852',NULL,'default.png',0,NULL),(347,3,'Drs. Toto Basuki, M.Pd','BANK NEGARA INDONESIA','0192577453','#0192577453',NULL,'default.png',0,NULL),(348,3,'Faridah T, S.Pd., M.Pd','BANK NEGARA INDONESIA','0113709338','#0113709338',NULL,'default.png',0,NULL),(349,3,'Bakhtiar Ardiansyah, S.Pd., M.Pd','BANK NEGARA INDONESIA','178881961','#178881961',NULL,'default.png',0,NULL),(350,3,'Rustam Effendi, S.Kom. MT','BANK NEGARA INDONESIA','0190052890','#0190052890',NULL,'default.png',0,NULL),(351,3,'Anggraini Naskawati, M.Pd','BANK NEGARA INDONESIA','0041725349','#0041725349',NULL,'default.png',0,NULL),(352,3,'Muhamad Hari Nurhadi, S.Si., M.Pd','BANK NEGARA INDONESIA','0190116787','#0190116787',NULL,'default.png',0,NULL),(353,3,'Nur Hidayati, S.Kom, MT','BANK NEGARA INDONESIA','0110323233','#0110323233',NULL,'default.png',0,NULL),(354,3,'Drs. Kirdanuri, M.Pd','BANK NEGARA INDONESIA','0175408395','#0175408395',NULL,'default.png',0,NULL),(355,3,'SUBAGIYANA, S.Pd., M.Pd','BANK NEGARA INDONESIA','0085940207','#0085940207',NULL,'default.png',0,NULL),(356,3,'NURAZIZAH','BANK NEGARA INDONESIA','0118580931','#0118580931',NULL,'default.png',0,NULL),(357,3,'CARLES MANURUNG','BANK NEGARA INDONESIA','0270509744','#0270509744',NULL,'default.png',0,NULL),(358,3,'IMAS MULYATI','BANK NEGARA INDONESIA','146802408','#146802408',NULL,'default.png',0,NULL),(359,3,'SUMARSO, S.PD','BANK NEGARA INDONESIA','0417928902','#0417928902',NULL,'default.png',0,NULL),(360,3,'ROHMAH SUCININGRUM','BANK NEGARA INDONESIA','0330287656','#0330287656',NULL,'default.png',0,NULL),(361,3,'I WAYAN WIDIA','BANK NEGARA INDONESIA','0048819774','#0048819774',NULL,'default.png',0,NULL),(362,3,'Arofah Megasari Siregar, S.Si., M.Pd','BANK NEGARA INDONESIA','294916606','#294916606',NULL,'default.png',0,NULL),(363,3,'Mundiatun','BANK NEGARA INDONESIA','0113372971','#0113372971',NULL,'default.png',0,NULL),(364,3,'Aenudin, M.Ag.','BANK NEGARA INDONESIA SYARIAH','0360238148','#0360238148',NULL,'default.png',0,NULL),(365,3,'Hanan Windro Sasongko, S.Si','BANK NEGARA INDONESIA SYARIAH','0120445705','#0120445705',NULL,'default.png',0,NULL),(366,3,'Fajrina Rahmi, S.Psi','BANK NEGARA INDONESIA SYARIAH','0683171503','#0683171503',NULL,'default.png',0,NULL),(367,3,'Supriyanto, S.Pd, MT','BANK NEGARA INDONESIA SYARIAH','0794751724','#0794751724',NULL,'default.png',0,NULL),(368,3,'Takyudin, S.Pd., M.Pd','BANK NEGARA INDONESIA SYARIAH','0415468967','#0415468967',NULL,'default.png',0,NULL),(369,3,'NYOMAN AGUS UDAYANA','BANK RAKYAT INDONESIA','356601014563536','#356601014563536',NULL,'default.png',0,NULL),(370,3,'JAKA AFRIANA','BANK RAKYAT INDONESIA','385801034769535','#385801034769535',NULL,'default.png',0,NULL),(371,3,'ALUS MUSYHAR LAILY','BANK RAKYAT INDONESIA','028401021316509','#028401021316509',NULL,'default.png',0,NULL),(372,3,'DRA. IRMA LISTYANAWATI','BANK RAKYAT INDONESIA','007701012357537','#007701012357537',NULL,'default.png',0,NULL),(373,3,'RAHMIA','BANK RAKYAT INDONESIA','005001112190506','#005001112190506',NULL,'default.png',0,NULL),(374,3,'KATI PAYUYU','BANK RAKYAT INDONESIA','797001006521531','#797001006521531',NULL,'default.png',0,NULL),(375,3,'IDA YUASTUTIK','BANK RAKYAT INDONESIA','174201000713539','#174201000713539',NULL,'default.png',0,NULL),(376,3,'NAJAMUDDIN','BANK RAKYAT INDONESIA','381401022964531','#381401022964531',NULL,'default.png',0,NULL),(377,3,'FAIZAL','BANK RAKYAT INDONESIA','129101009242502','#129101009242502',NULL,'default.png',0,NULL),(378,3,'FATIMAH HANIM','BANK RAKYAT INDONESIA','026601023804500','#026601023804500',NULL,'default.png',0,NULL),(379,3,'SAMSUDDIN','BANK RAKYAT INDONESIA','025301018956503','#025301018956503',NULL,'default.png',0,NULL),(380,3,'HILDA DEU','BANK RAKYAT INDONESIA','202301015768502','#202301015768502',NULL,'default.png',0,NULL),(381,3,'MUSABIKHIN, S.PD','BANK RAKYAT INDONESIA','006201055524506','#006201055524506',NULL,'default.png',0,NULL),(382,3,'UPOMO BUDIARSO','BANK RAKYAT INDONESIA','339501002631538','#339501002631538',NULL,'default.png',0,NULL),(383,3,'HARUN EL ROSYID','BANK RAKYAT INDONESIA','342301031361531','#342301031361531',NULL,'default.png',0,NULL),(384,3,'RUSLAN','BANK RAKYAT INDONESIA','381201008827539','#381201008827539',NULL,'default.png',0,NULL),(385,3,'ASPIN MOPANGGA','BANK RAKYAT INDONESIA','515301005713531','#515301005713531',NULL,'default.png',0,NULL),(386,3,'JAKA SUYANA, DRS','BANK RAKYAT INDONESIA','717701000013500','#717701000013500',NULL,'default.png',0,NULL),(387,3,'WIDYANTI NUGRAHENI','BANK RAKYAT INDONESIA','003301008578533','#003301008578533',NULL,'default.png',0,NULL),(388,3,'FA. SUPRAPTO MUKTI NUGROHO','BANK RAKYAT INDONESIA','010201009126538','#010201009126538',NULL,'default.png',0,NULL),(389,3,'MADALLE AGIL','BANK RAKYAT INDONESIA','025801014909504','#025801014909504',NULL,'default.png',0,NULL),(390,3,'NANSY RAHMAN','BANK RAKYAT INDONESIA','027901015773508','#027901015773508',NULL,'default.png',0,NULL),(391,3,'NUR SOFIANINGTYAS','BANK RAKYAT INDONESIA','451001008743536','#451001008743536',NULL,'default.png',0,NULL),(392,3,'HERI RISDIANTO','BANK RAKYAT INDONESIA','004201014169533','#004201014169533',NULL,'default.png',0,NULL),(393,3,'SRI SARMINI','BANK RAKYAT INDONESIA','008301016001533','#008301016001533',NULL,'default.png',0,NULL),(394,3,'ARIF WIJAYATI','BANK RAKYAT INDONESIA','002601097666504','#002601097666504',NULL,'default.png',0,NULL),(395,3,'WILHELMUS GERI','BANK RAKYAT INDONESIA','348801038565532','#348801038565532',NULL,'default.png',0,NULL),(396,3,'SRI HANDAYANI','BANK RAKYAT INDONESIA','005101037178536','#005101037178536',NULL,'default.png',0,NULL),(397,3,'I WAYAN SARMAN','BANK RAKYAT INDONESIA','0243 01 046862505','#0243 01 046862505',NULL,'default.png',0,NULL),(398,3,'ETY SETYAWATI','BANK RAKYAT INDONESIA','436101000259502','#436101000259502',NULL,'default.png',0,NULL),(399,3,'ITANG CINTAKA','BANK RAKYAT INDONESIA','001201148408509','#001201148408509',NULL,'default.png',0,NULL),(400,3,'WIWIK SULUH TRISNA HANDRIYANI','BANK RAKYAT INDONESIA','725301012278532','#725301012278532',NULL,'default.png',0,NULL),(401,3,'NGATNURI','BANK RAKYAT INDONESIA','468601001422530','#468601001422530',NULL,'default.png',0,NULL),(402,3,'ROHMAD WIDIYANTO','BANK RAKYAT INDONESIA','726701007745535','#726701007745535',NULL,'default.png',0,NULL),(403,3,'PARIADI','BANK RAKYAT INDONESIA','546201002434539','#546201002434539',NULL,'default.png',0,NULL),(404,3,'ROSYID MAHMUDI','BANK RAKYAT INDONESIA','541501006642539','#541501006642539',NULL,'default.png',0,NULL),(405,3,'DRA.SRI KARYANI','BANK RAKYAT INDONESIA','310701002439533','#310701002439533',NULL,'default.png',0,NULL),(406,3,'Dr.Yeni Hendriani','BANK RAKYAT INDONESIA','143401001262508','#143401001262508',NULL,'default.png',0,NULL),(407,3,'Yasser Awaluddin, Se.,M.Ed.','BANK RAKYAT INDONESIA','005101076389500','#005101076389500',NULL,'default.png',0,NULL),(408,3,'retno kinteki','BANK RAKYAT INDONESIA','005101076285502','#005101076285502',NULL,'default.png',0,NULL),(409,3,'Meita Purnamasari Augustin, S.Pd., M.Pd.','BANK RAKYAT INDONESIA','005101179396503','#005101179396503',NULL,'default.png',0,NULL),(410,3,'INDAH PATMAWATI, S.Pd.,M.Pd','BANK RAKYAT INDONESIA','005101179802504','#005101179802504',NULL,'default.png',0,NULL),(411,3,'Erwan Yuniardi','BANK RAKYAT INDONESIA','005101076211503','#005101076211503',NULL,'default.png',0,NULL),(412,3,'Toufani Lesmanawati, S.S., M.Ed.','BANK RAKYAT INDONESIA','130101002215505','#130101002215505',NULL,'default.png',0,NULL),(413,3,'Drs. Iriyanto Siregar, M.Pd','BANK RAKYAT INDONESIA','005301106513506','#005301106513506',NULL,'default.png',0,NULL),(414,3,'Wiserman','BANK RAKYAT INDONESIA','017001054828502','#017001054828502',NULL,'default.png',0,NULL),(415,3,'Zulyetti, S.S, M.Ed','BANK RAKYAT INDONESIA','741001001461534','#741001001461534',NULL,'default.png',0,NULL),(416,3,'ROSDERIA PURBA','BANK RAKYAT INDONESIA','002001062224503','#002001062224503',NULL,'default.png',0,NULL),(417,3,'Dra. Mis Amrina,M.Pd','BANK RAKYAT INDONESIA','563701022401539','#563701022401539',NULL,'default.png',0,NULL),(418,3,'Martinawati, S.Pd., M.H,','BANK RAKYAT INDONESIA','563701021379535','#563701021379535',NULL,'default.png',0,NULL),(419,3,'JUNAINI, M.Pd','BANK RAKYAT INDONESIA','011501049924501','#011501049924501',NULL,'default.png',0,NULL),(420,3,'SURYONO ','BANK RAKYAT INDONESIA','11501060385502','#11501060385502',NULL,'default.png',0,NULL),(421,3,'Imam Edhi Priyanto, M.M.Pd.','BANK RAKYAT INDONESIA','017401072196503','#017401072196503',NULL,'default.png',0,NULL),(422,3,'Susiah Budiarti, M.Pd','BANK RAKYAT INDONESIA','207501005980507','#207501005980507',NULL,'default.png',0,NULL),(423,3,'Idris Apandi','BANK RAKYAT INDONESIA','013701112752502','#013701112752502',NULL,'default.png',0,NULL),(424,3,'Legiman, Drs, M.Pd','BANK RAKYAT INDONESIA','359301006488537','#359301006488537',NULL,'default.png',0,NULL),(425,3,'Sri Yuniati, S.Si, M.Pd','BANK RAKYAT INDONESIA','008001013467500','#008001013467500',NULL,'default.png',0,NULL),(426,3,'Ilman Fakih, SE, M.Pd','BANK RAKYAT INDONESIA','008001013480508','#008001013480508',NULL,'default.png',0,NULL),(427,3,'Ima Ilmayatie, M.Pd','BANK RAKYAT INDONESIA','008001013458501','#008001013458501',NULL,'default.png',0,NULL),(428,3,'Nita Komarasari, SS., M.Pd','BANK RAKYAT INDONESIA','008001013452505','#008001013452505',NULL,'default.png',0,NULL),(429,3,'Diah Ambarwati, S.Si, M.Pd','BANK RAKYAT INDONESIA','008001013430503','#008001013430503',NULL,'default.png',0,NULL),(430,3,'ITA MASITHOH, M.Pd','BANK RAKYAT INDONESIA','008001013473501','#008001013473501',NULL,'default.png',0,NULL),(431,3,'Anisah Imanah, M.Si','BANK RAKYAT INDONESIA','008401022512500','#008401022512500',NULL,'default.png',0,NULL),(432,3,'Drs. Trubus Irhamullah, M.M, M.A','BANK RAKYAT INDONESIA','008001013406504','#008001013406504',NULL,'default.png',0,NULL),(433,3,'Dendy S Sonjaya, M.Pd','BANK RAKYAT INDONESIA','008001013444502','#008001013444502',NULL,'default.png',0,NULL),(434,3,'Dr. Sugiyanto, M.Pd.','BANK RAKYAT INDONESIA','024301031998507','#024301031998507',NULL,'default.png',0,NULL),(435,3,'HAKSAN DARWANGSA','BANK RAKYAT INDONESIA','008201093474509','#008201093474509',NULL,'default.png',0,NULL),(436,3,'Abu Hasan, M.Pd.','BANK RAKYAT INDONESIA','006001066187501','#006001066187501',NULL,'default.png',0,NULL),(437,3,'Faizal,S.Pd.,M.Pd','BANK RAKYAT INDONESIA','006001063604504','#006001063604504',NULL,'default.png',0,NULL),(438,3,'Drs.Cherfin Jansen Sasuwuk,M.Pd  ','BANK RAKYAT INDONESIA','006001066180509','#006001066180509',NULL,'default.png',0,NULL),(439,3,'Drs. Syahrin, M.Pd','BANK RAKYAT INDONESIA','019201024636507','#019201024636507',NULL,'default.png',0,NULL),(440,3,'Drs. La Ode Mane Mbeu, M.Pd','BANK RAKYAT INDONESIA','064601007000530','#064601007000530',NULL,'default.png',0,NULL),(441,3,'Basir Sarullah S.Pd, M.Pd','BANK RAKYAT INDONESIA','019201043728501','#019201043728501',NULL,'default.png',0,NULL),(442,3,'Drs. La Pahisa, M.Si','BANK RAKYAT INDONESIA','019201043541501','#019201043541501',NULL,'default.png',0,NULL),(443,3,'Drs. I Kt Gede Suteja, M.Pd','BANK RAKYAT INDONESIA','036801006119530','#036801006119530',NULL,'default.png',0,NULL),(444,3,'Dr. Ni Wayan Mudiarni, S.Pd., MM.','BANK RAKYAT INDONESIA','036801017234501','#036801017234501',NULL,'default.png',0,NULL),(445,3,'Ni Wayan Surasmini, S.Si., M.Pd.','BANK RAKYAT INDONESIA','036801052923505','#036801052923505',NULL,'default.png',0,NULL),(446,3,'Lilis Sulianita, S.Pd., MM','BANK RAKYAT INDONESIA','005201019468503','#005201019468503',NULL,'default.png',0,NULL),(447,3,'ARUM PURI SURYANDARI','BANK RAKYAT INDONESIA','012001036225505','#012001036225505',NULL,'default.png',0,NULL),(448,3,'RUSMARTINI HIDAYATI','BANK RAKYAT INDONESIA','015201025144501','#015201025144501',NULL,'default.png',0,NULL),(449,3,'NURHAYATI','BANK RAKYAT INDONESIA','009701004848532','#009701004848532',NULL,'default.png',0,NULL),(450,3,'LASTRAWATI','BANK RAKYAT INDONESIA','016901007167500','#016901007167500',NULL,'default.png',0,NULL),(451,3,'EEN ROCHAENI','BANK RAKYAT INDONESIA','008001018725539','#008001018725539',NULL,'default.png',0,NULL);
/*!40000 ALTER TABLE `member` ENABLE KEYS */;
UNLOCK TABLES;

--
-- Table structure for table `menu`
--

DROP TABLE IF EXISTS `menu`;
/*!40101 SET @saved_cs_client     = @@character_set_client */;
/*!40101 SET character_set_client = utf8 */;
CREATE TABLE `menu` (
  `id` int(11) NOT NULL AUTO_INCREMENT,
  `menu` varchar(50) DEFAULT NULL,
  `alias` varchar(56) DEFAULT NULL,
  PRIMARY KEY (`id`)
) ENGINE=InnoDB AUTO_INCREMENT=4 DEFAULT CHARSET=utf8mb4;
/*!40101 SET character_set_client = @saved_cs_client */;

--
-- Dumping data for table `menu`
--

LOCK TABLES `menu` WRITE;
/*!40000 ALTER TABLE `menu` DISABLE KEYS */;
INSERT INTO `menu` VALUES (1,'Adm','Admin'),(2,'Mod','Moderator'),(3,'Usr','Member');
/*!40000 ALTER TABLE `menu` ENABLE KEYS */;
UNLOCK TABLES;

--
-- Table structure for table `role`
--

DROP TABLE IF EXISTS `role`;
/*!40101 SET @saved_cs_client     = @@character_set_client */;
/*!40101 SET character_set_client = utf8 */;
CREATE TABLE `role` (
  `id` int(11) NOT NULL AUTO_INCREMENT,
  `role` varchar(50) DEFAULT NULL,
  PRIMARY KEY (`id`)
) ENGINE=InnoDB AUTO_INCREMENT=5 DEFAULT CHARSET=utf8mb4;
/*!40101 SET character_set_client = @saved_cs_client */;

--
-- Dumping data for table `role`
--

LOCK TABLES `role` WRITE;
/*!40000 ALTER TABLE `role` DISABLE KEYS */;
INSERT INTO `role` VALUES (1,'Administrator'),(2,'Moderator'),(3,'Member');
/*!40000 ALTER TABLE `role` ENABLE KEYS */;
UNLOCK TABLES;

--
-- Table structure for table `sub_menu`
--

DROP TABLE IF EXISTS `sub_menu`;
/*!40101 SET @saved_cs_client     = @@character_set_client */;
/*!40101 SET character_set_client = utf8 */;
CREATE TABLE `sub_menu` (
  `id` int(11) NOT NULL AUTO_INCREMENT,
  `menu_id` int(11) DEFAULT NULL,
  `title` varchar(50) DEFAULT NULL,
  `url` varchar(100) DEFAULT NULL,
  `icon` varchar(50) DEFAULT NULL,
  PRIMARY KEY (`id`)
) ENGINE=InnoDB AUTO_INCREMENT=8 DEFAULT CHARSET=utf8mb4;
/*!40101 SET character_set_client = @saved_cs_client */;

--
-- Dumping data for table `sub_menu`
--

LOCK TABLES `sub_menu` WRITE;
/*!40000 ALTER TABLE `sub_menu` DISABLE KEYS */;
INSERT INTO `sub_menu` VALUES (2,1,'Data Peserta','adm/mems','fas fa-fw fa-users'),(3,2,'Bukti Transfer','mod','fas fa-fw fa-money-check-alt'),(4,3,'Profil Saya','usr','fas fa-fw fa-user-alt'),(5,3,'Keluar','auth/logout','fas fa-fw fa-sign-out-alt'),(6,1,'Data Moderator','adm/mods','fas fa-fw fa-users-cog'),(7,1,'Data Kegiatan','adm/acts','fas fa-fw fa-bell');
/*!40000 ALTER TABLE `sub_menu` ENABLE KEYS */;
UNLOCK TABLES;

--
-- Table structure for table `user_access`
--

DROP TABLE IF EXISTS `user_access`;
/*!40101 SET @saved_cs_client     = @@character_set_client */;
/*!40101 SET character_set_client = utf8 */;
CREATE TABLE `user_access` (
  `id` int(11) NOT NULL AUTO_INCREMENT,
  `role_id` int(11) DEFAULT NULL,
  `menu_id` int(11) DEFAULT NULL,
  PRIMARY KEY (`id`)
) ENGINE=InnoDB AUTO_INCREMENT=7 DEFAULT CHARSET=utf8mb4;
/*!40101 SET character_set_client = @saved_cs_client */;

--
-- Dumping data for table `user_access`
--

LOCK TABLES `user_access` WRITE;
/*!40000 ALTER TABLE `user_access` DISABLE KEYS */;
INSERT INTO `user_access` VALUES (1,1,1),(2,1,2),(3,1,3),(4,2,2),(5,2,3),(6,3,3);
/*!40000 ALTER TABLE `user_access` ENABLE KEYS */;
UNLOCK TABLES;
/*!40103 SET TIME_ZONE=@OLD_TIME_ZONE */;

/*!40101 SET SQL_MODE=@OLD_SQL_MODE */;
/*!40014 SET FOREIGN_KEY_CHECKS=@OLD_FOREIGN_KEY_CHECKS */;
/*!40014 SET UNIQUE_CHECKS=@OLD_UNIQUE_CHECKS */;
/*!40101 SET CHARACTER_SET_CLIENT=@OLD_CHARACTER_SET_CLIENT */;
/*!40101 SET CHARACTER_SET_RESULTS=@OLD_CHARACTER_SET_RESULTS */;
/*!40101 SET COLLATION_CONNECTION=@OLD_COLLATION_CONNECTION */;
/*!40111 SET SQL_NOTES=@OLD_SQL_NOTES */;

-- Dump completed on 2021-08-05 16:23:57
